﻿<?xml version="1.0" encoding="utf-8" ?>

<CFarmDatatable>
  <CFarmAgroforestryData>
    <AgroforestryLocation States="Iowa" County="Adair County"></AgroforestryLocation>
    <AgroforestrySpecies SpeciesGroup="Maples" SpeciesName="Other maple" Dbh="12" Age="" TotalNumber="100"></AgroforestrySpecies>
  </CFarmAgroforestryData>

  <CFarmReportData>
    <AgroforestryReportScenario>
      <AgroforestryReport LiveTrees="10" DownedDeadWood=".2" ForestFloor=".4" StandingDeadTrees="1" Understory="0" Total="11.7"></AgroforestryReport>
    </AgroforestryReportScenario>
  </CFarmReportData>

</CFarmDatatable>