﻿<?xml version="1.0" encoding="utf-8" ?>
<CFarmDatatable>

  <CFarmAnimalAgData ZipCode="50645" PreferredUnits="Metric" TypeList="Gestating Sows,Lactating Sows">

    <AnimalAgScenario Name="Baseline" CopyFromFuture="false">
      <AnimalType TypeName="Gestating Sows">
        <HerdOrDiet Name="Default Herd">
          <AnimalDetails Adfi="1.88" Abw="" DaysInMilk="" MilkPerDay="" DaysOnFeed="" CrudeProtein="12.4" AverageEggWeight="" EggsPerDay="" GestationLength="115" LitterSize="12" DressingPercentage="" FatFreeLeanPercentage="" InitialBodyWeight="" FinalBodyWeight="" LactationLength="" LitterWeightAtBirth="" LitterWeightAtWeaning="" GrowthCapacity="">
            <AverageMonthlyCount PopName="Gestating Sows" Population="100"></AverageMonthlyCount>
          </AnimalDetails>
          <Weight Breed="" Tmw="" Abw="" Adwg="" Amw="" ></Weight>
          <Pregnancy Pregnant="" Lactating="" MilkPerDay="" FatContent=""></Pregnancy>
          <HoursOfWork Hours=""></HoursOfWork>
          <FeedDetails Ionophores="" FatContent="" GrainType="" ConcentratePercentage=""></FeedDetails>
          <TypesOfFeed>
            <Feed FeedStuff="" Category="" Percent=""></Feed>
          </TypesOfFeed>
          <FeedingSituation Type=""></FeedingSituation>
          <HousingDetails Type="Roofed Facility" RoofedType="Pit Storage" DepthOrMix="Deep" DaysInHousing="365"></HousingDetails>
          <ManureSystemTypes Separator="false" PrimaryMethod="Daily Spread" SeparatorType="" SolidMethod="" LiquidMethod=""></ManureSystemTypes>
          <ManureSystemDetails>
            <TemporaryStackAndLongTermStockpile CoverType="" StorageTerm=""></TemporaryStackAndLongTermStockpile>
            <Composting Method=""></Composting>
            <AnaerobicLagoon CoverType="" Area="" Date="" StorageLength="" SolidRemoval=""></AnaerobicLagoon>
            <AerobicLagoon Volume="" Aeration=""></AerobicLagoon>
            <AnaerobicDigester Type=""></AnaerobicDigester>
            <CombinedAerobicTreatment CoverType="" Area=""></CombinedAerobicTreatment>
          </ManureSystemDetails>
          <ManureDetails DryManureTotal=".5" PercentNitrogen="6"></ManureDetails>
        </HerdOrDiet>
      </AnimalType>
      <AnimalType TypeName="Lactating Sows">
        <HerdOrDiet Name="Lactating Sows">
          <AnimalDetails Adfi="5.35" Abw="" DaysInMilk="" MilkPerDay="" DaysOnFeed="" CrudeProtein="17.5" AverageEggWeight="" EggsPerDay="" GestationLength="" LitterSize="" DressingPercentage="" FatFreeLeanPercentage="" InitialBodyWeight="" FinalBodyWeight="" LactationLength="10" LitterWeightAtBirth="18" LitterWeightAtWeaning="60" GrowthCapacity="">
            <AverageMonthlyCount PopName="Lactating Sows" Population="100"></AverageMonthlyCount>
          </AnimalDetails>
          <Weight Breed="" Tmw="" Abw="" Adwg="" Amw="" ></Weight>
          <Pregnancy Pregnant="" Lactating="" MilkPerDay="" FatContent=""></Pregnancy>
          <HoursOfWork Hours=""></HoursOfWork>
          <FeedDetails Ionophores="" FatContent="" GrainType="" ConcentratePercentage=""></FeedDetails>
          <TypesOfFeed>
            <Feed FeedStuff="" Category="" Percent=""></Feed>
          </TypesOfFeed>
          <FeedingSituation Type=""></FeedingSituation>
          <HousingDetails Type="Roofed Facility" RoofedType="Pit Storage" DepthOrMix="Deep" Mix="" DaysInHousing="365"></HousingDetails>
          <ManureSystemTypes Separator="false" PrimaryMethod="Daily Spread" SeparatorType="" SolidMethod="" LiquidMethod=""></ManureSystemTypes>
          <ManureSystemDetails>
            <TemporaryStackAndLongTermStockpile CoverType="" StorageTerm=""></TemporaryStackAndLongTermStockpile>
            <Composting Method=""></Composting>
            <AnaerobicLagoon CoverType="" Area="" Date="" StorageLength="" SolidRemoval=""></AnaerobicLagoon>
            <AerobicLagoon Volume="" Aeration=""></AerobicLagoon>
            <AnaerobicDigester Type=""></AnaerobicDigester>
            <CombinedAerobicTreatment CoverType="" Area=""></CombinedAerobicTreatment>
          </ManureSystemDetails>
          <ManureDetails DryManureTotal="1.2" PercentNitrogen="7"></ManureDetails>
        </HerdOrDiet>
      </AnimalType>
    </AnimalAgScenario>

    <AnimalAgScenario Name="Future" CopyFromFuture="true">
      <HerdOrDiet></HerdOrDiet>
    </AnimalAgScenario>
  </CFarmAnimalAgData>

  <CFarmReportData>
    <AnimalAgReportScenario>
      <AnimalAgReport Name="Gestating Sows" Methane="32.3" NitrousOxide=".6" Total="32.9"></AnimalAgReport>
      <AnimalAgReport Name="Lactating Sows" Methane="67.7" NitrousOxide="0.9" Total="68.6"></AnimalAgReport>
    </AnimalAgReportScenario>
  </CFarmReportData>

</CFarmDatatable>
