﻿<?xml version="1.0" encoding="utf-8" ?>
<CFarmDatatable>

  <CFarmAnimalAgData ZipCode="80610" PreferredUnits="Metric" TypeList="Feeder Sheep">
    <AnimalAgScenario Name="Baseline" CopyFromFuture="false">
      <AnimalType TypeName="Feeder Sheep">
        <HerdOrDiet Name="Default Herd">
          <AnimalDetails Adfi="5" Abw="" DaysInMilk="" MilkPerDay="" DaysOnFeed="" CrudeProtein="" AverageEggWeight="" EggsPerDay="" GestationLength="" LitterSize="" DressingPercentage="" FatFreeLeanPercentage="" InitialBodyWeight="" FinalBodyWeight="" LactationLength="" LitterWeightAtBirth="" LitterWeightAtWeaning="" GrowthCapacity="">
            <AverageMonthlyCount PopName="Feeder Sheep" Population="25000"></AverageMonthlyCount>
          </AnimalDetails>
          <Weight Breed="" Tmw="" Abw="" Adwg="" Amw="" ></Weight>
          <Pregnancy Pregnant="" Lactating="" MilkPerDay="" FatContent=""></Pregnancy>
          <HoursOfWork Hours=""></HoursOfWork>
          <FeedDetails Ionophores="" FatContent="" GrainType="" ConcentratePercentage=""></FeedDetails>
          <TypesOfFeed>
            <Feed FeedStuff="Brewers" Category="Grains Wet" Percent="20"></Feed>
            <Feed FeedStuff="Brewers" Category="Grains Dried" Percent="20"></Feed>
            <Feed FeedStuff="Corn" Category="Silage, Mature Well Eared" Percent="30"></Feed>
            <Feed FeedStuff="Corn" Category="Fodder" Percent="20"></Feed>
            <Feed FeedStuff="Soybean" Category="Meal, Solv. Ext. 44% CP" Percent="10"></Feed>
          </TypesOfFeed>
          <FeedingSituation Type=""></FeedingSituation>
          <HousingDetails Type="" RoofedType="" Depth="" Mix="" DaysInHousing=""></HousingDetails>
          <ManureSystemTypes Separator="false" PrimaryMethod="Temporary Stack and Long-Term Stockpile" SeparatorType="" SolidMethod="" LiquidMethod=""></ManureSystemTypes>
          <ManureSystemDetails>
            <TemporaryStackAndLongTermStockpile CoverType="Uncovered Solid" StorageTerm="Long Term (more than six months)"></TemporaryStackAndLongTermStockpile>
            <Composting Method=""></Composting>
            <AnaerobicLagoon CoverType="" Area="" Date="" StorageLength="" SolidRemoval=""></AnaerobicLagoon>
            <AerobicLagoon Volume="" Aeration=""></AerobicLagoon>
            <AnaerobicDigester Type=""></AnaerobicDigester>
            <CombinedAerobicTreatment CoverType="" Area=""></CombinedAerobicTreatment>
          </ManureSystemDetails>
          <ManureDetails DryManureTotal="11" PercentNitrogen="2"></ManureDetails>
        </HerdOrDiet>
      </AnimalType>     
    </AnimalAgScenario>
    <AnimalAgScenario Name="Future" CopyFromFuture="true">
      <HerdOrDiet></HerdOrDiet>
    </AnimalAgScenario>
  </CFarmAnimalAgData>

  <CFarmReportData>
    <AnimalAgReportScenario>
      <AnimalAgReport Name="Feeder Sheep" Methane="15719.5" NitrousOxide="1880.2" Total="17599.6"></AnimalAgReport>
    </AnimalAgReportScenario>
  </CFarmReportData>

</CFarmDatatable>