﻿<?xml version="1.0" encoding="utf-8" ?>
<CFarmAnimalAg>
  <zipCode></zipCode>
  <preferredUnits></preferredUnits>
  <animalType>
    <numberOfHerds></numberOfHerds>
    <herd>
      <animalDetails>
        <averageMonthlyCount>
          <Jan></Jan>
          <Feb></Feb>
          <Mar></Mar>
          <Apr></Apr>
          <May></May>
          <Jun></Jun>
          <Jul></Jul>
          <Aug></Aug>
          <Sep></Sep>
          <Oct></Oct>
          <Nov></Nov>
          <Dec></Dec>
        </averageMonthlyCount>
        <roofedFacility>
          <Jan></Jan>
          <Feb></Feb>
          <Mar></Mar>
          <Apr></Apr>
          <May></May>
          <Jun></Jun>
          <Jul></Jul>
          <Aug></Aug>
          <Sep></Sep>
          <Oct></Oct>
          <Nov></Nov>
          <Dec></Dec>
        </roofedFacility>
        <dryLot>
          <Jan></Jan>
          <Feb></Feb>
          <Mar></Mar>
          <Apr></Apr>
          <May></May>
          <Jun></Jun>
          <Jul></Jul>
          <Aug></Aug>
          <Sep></Sep>
          <Oct></Oct>
          <Nov></Nov>
          <Dec></Dec>
        </dryLot>
        <pastureRange>
          <Jan></Jan>
          <Feb></Feb>
          <Mar></Mar>
          <Apr></Apr>
          <May></May>
          <Jun></Jun>
          <Jul></Jul>
          <Aug></Aug>
          <Sep></Sep>
          <Oct></Oct>
          <Nov></Nov>
          <Dec></Dec>
        </pastureRange>
        <dailyFeedIntake></dailyFeedIntake>
        <liveBodyweight></liveBodyweight>
        <daysInMilk></daysInMilk>
        <milkPerDay></milkPerDay>
        <daysOnFeed></daysOnFeed>
        <crudeProtein></crudeProtein>
      </animalDetails>
      <weight>
        <breed></breed>
        <bodyWeight></bodyWeight>
        <weightGain></weightGain>
        <matureWeight></matureWeight>
      </weight>
      <hoursOfWork></hoursOfWork>
      <pregnancyAndMilk>
        <pregnant>
          <Jan></Jan>
          <Feb></Feb>
          <Mar></Mar>
          <Apr></Apr>
          <May></May>
          <Jun></Jun>
          <Jul></Jul>
          <Aug></Aug>
          <Sep></Sep>
          <Oct></Oct>
          <Nov></Nov>
          <Dec></Dec>
        </pregnant>
        <lactating>
          <Jan></Jan>
          <Feb></Feb>
          <Mar></Mar>
          <Apr></Apr>
          <May></May>
          <Jun></Jun>
          <Jul></Jul>
          <Aug></Aug>
          <Sep></Sep>
          <Oct></Oct>
          <Nov></Nov>
          <Dec></Dec>
        </lactating>
        <dailyMilkProduction></dailyMilkProduction>
        <fatContent></fatContent>
      </pregnancyAndMilk>
      <typesOfFeed>
        <month>
          <effectedMonth></effectedMonth>
          <feedStuff>
            <category>
              <selection>
                <percentage></percentage>
              </selection>
            </category>
          </feedStuff>
        </month>
      </typesOfFeed>
      <feedingSituation></feedingSituation>
      <manureSystemTypes>
        <separator>
          <type></type>
          <solidMethod></solidMethod>
          <liquidMethod></liquidMethod>
        </separator>
        <treatmentMethod></treatmentMethod>
      </manureSystemTypes>
      <manureSystemDetails>
        <detail></detail>
      </manureSystemDetails>
      <manureDetails>
        <dryManurePerHead>
          <Jan></Jan>
          <Feb></Feb>
          <Mar></Mar>
          <Apr></Apr>
          <May></May>
          <Jun></Jun>
          <Jul></Jul>
          <Aug></Aug>
          <Sep></Sep>
          <Oct></Oct>
          <Nov></Nov>
          <Dec></Dec>
        </dryManurePerHead>
        <percentNitrogen>
          <Jan></Jan>
          <Feb></Feb>
          <Mar></Mar>
          <Apr></Apr>
          <May></May>
          <Jun></Jun>
          <Jul></Jul>
          <Aug></Aug>
          <Sep></Sep>
          <Oct></Oct>
          <Nov></Nov>
          <Dec></Dec>
        </percentNitrogen>
      </manureDetails>
    </herd>
  </animalType>
</CFarmAnimalAg>