﻿<?xml version="1.0" encoding="utf-8" ?>

<CFarmDatatable>

  <CFarmAnimalAgData ZipCode="29006" PreferredUnits="Metric" TypeList="Broilers">
    <AnimalAgScenario Name="Baseline" CopyFromFuture="false">
      <AnimalType TypeName="Broilers">
        <HerdOrDiet Name="Default Diet">
          <AnimalDetails Adfi="104" Abw="" DaysInMilk="" MilkPerDay="" DaysOnFeed="45" CrudeProtein="18" AverageEggWeight="" EggsPerDay="" GestationLength="" LitterSize="" DressingPercentage="" FatFreeLeanPercentage="" InitialBodyWeight="" FinalBodyWeight="" LactationLength="" LitterWeightAtBirth="" LitterWeightAtWeaning="" GrowthCapacity="">
            <AverageMonthlyCount PopName="Default Flock" Population="25000"></AverageMonthlyCount>
          </AnimalDetails>
          <Weight Breed="" Tmw="" Abw="" Adwg="" Amw="" ></Weight>
          <ManureSystemTypes Separator="false" PrimaryMethod="Temporary Stack and Long-Term Stockpile" SeparatorType="" SolidMethod="" LiquidMethod=""></ManureSystemTypes>
          <ManureSystemDetails>
            <TemporaryStackAndLongTermStockpile CoverType="Uncovered Solid" StorageTerm="Short Term (less than six months)"></TemporaryStackAndLongTermStockpile>
          </ManureSystemDetails>
          <ManureDetails DryManureTotal=".03" PercentNitrogen="4"></ManureDetails>
        </HerdOrDiet>
      </AnimalType>
    </AnimalAgScenario>
    <AnimalAgScenario Name="Future" CopyFromFuture="true">
      <HerdOrDiet></HerdOrDiet>
    </AnimalAgScenario>
  </CFarmAnimalAgData>

  <CFarmReportData>
    <AnimalAgReportScenario>
      <AnimalAgReport Name="Broilers" Methane="15" NitrousOxide="28.9" Total="43.9"></AnimalAgReport>
    </AnimalAgReportScenario>
  </CFarmReportData>

</CFarmDatatable>