﻿<?xml version="1.0" encoding="utf-8" ?>
<CFarmDatatable>
  <CFarmCroplandsData>
    <Parcel GpsCoordinates="40.381856, -101.708146" ParcelName="F1" PointAcres="129" PolygonVertices="" DragAdjust="400,400,000,500" PointAdjust="543,407" DragCount="1">
      <HistoricManagement Pre1980Management="Irrigation (Pre 1980s)" Crp="false" CrpStartYear="" CrpEndYear="" CrpType="" PreCrpManagement="" PreCrpTillage="" PostCrpManagement="" PostCrpTillage="" To2000Management="Irrigated: 2 Yrs Corn-4 Yrs Legume Hay" To2000Tillage="Intensive Tillage"></HistoricManagement>
    </Parcel>
    <CroplandsScenario Name="Baseline" CopyFromFuture="false">
      <ScenarioData ParcelName="F1">
        <CropAndPlant CropType="Corn" PlantingDate="May 03" CoverCrop="false">
          <Harvest Date="October 15" Grain="false" Yield="235" Straw="70"></Harvest>
        </CropAndPlant>
        <Tillage Date="April 30" Type="Intensive Tillage"></Tillage>
        <NitrogenApplication Date="May 01" Type="Urea" TotalApplied="200" Method="Incorporate / Inject" Eep="None"></NitrogenApplication>
        <ManureApplication Date="June 21" Type="Beef" AmountApplied="10" PercentN="4.5" CToNRatio="10"></ManureApplication>
        <ManureApplication Date="July 09" Type="Dairy" AmountApplied="25" PercentN="8" CToNRatio="13"></ManureApplication>
        <Irrigation Date="May 31" Inches="1"></Irrigation>
        <Irrigation Date="June 30" Inches="1"></Irrigation>
        <Irrigation Date="July 31" Inches="1"></Irrigation>
        <Irrigation Date="August 31" Inches="1"></Irrigation>
        <Irrigation Date="September 30" Inches="1"></Irrigation>
        <Liming Date="May 05" Material="Calcitic Limestone" AmountApplied="15"></Liming>
        <Burning Burn="Yes, before planting"></Burning>
      </ScenarioData>
    </CroplandsScenario>
    <CroplandsScenario Name="Future" CopyFromBaseline="true">
    </CroplandsScenario>
  </CFarmCroplandsData>
</CFarmDatatable>

